{
	"web": {
		"client_id": "81709727800-n89o21p04r639e9l49ctq7njgv7t403u.apps.googleusercontent.com",
		"project_id": "profound-veld-397514",
		"auth_uri": "https://accounts.google.com/o/oauth2/auth",
		"token_uri": "https://oauth2.googleapis.com/token",
		"auth_provider_x509_cert_url": "https://www.googleapis.com/oauth2/v1/certs",
		"client_secret": "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",
		"redirect_uris": ["http://localhost:3000/oauth2callback"],
		"javascript_origins": ["http://localhost:4200", "https://app.velvet-oaks.co.uk"]
	}
}
