{
	"id": 4831,
	"form_id": "31460",
	"user_id": "0",
	"customer_id": null,
	"customer_name": "https://www.bridgebase.com/tools/handviewer.html?lin=pn|Nicoletd,~~v3fakebot,~~v3fakebot,~~v3fakebot|st||md|1SQT52HA97DQ4CAT95,SAK98HKJ3DJ873C42,S4HQT854D965CQ763,SJ763H62DAKT2CKJ8|sv|b|rh||ah|Board7|mb|1N|an|2+!C;2+!D;2+!H;2+!S;HCP12-14;balanced|mb|P|mb|",
	"customer_email": "",
	"form_data_raw": {
		"__wpf_form_id": "31460",
		"__wpf_current_url": "https://www.bridgeextra.com/submit_hands/bbo",
		"__wpf_current_page_id": "31473",
		"select": "Nicole",
		"customer_name_1": "https://www.bridgebase.com/tools/handviewer.html?lin=pn|Nicoletd,~~v3fakebot,~~v3fakebot,~~v3fakebot|st||md|1SQT52HA97DQ4CAT95,SAK98HKJ3DJ873C42,S4HQT854D965CQ763,SJ763H62DAKT2CKJ8|sv|b|rh||ah|Board%207|mb|1N|an|2+!C;%202+!D;%202+!H;%202+!S;%20HCP%2012-14;%20balanced|mb|P|mb|2D!|an|5+!H;%20HCP%20No%20indication;%20Transfer%20to%20!H.%20-%20Forcing|mb|P|mb|2H!|an|2+!C;%202+!D;%202+!H;%202+!S;%20HCP%2012-14;%20forced%20-%20Non%20forcing|mb|P|mb|P|an|5+!H;%20HCP%2010-;%20minimum|mb|P|pc|SA|pc|S4|pc|S7|pc|S2|pc|D3|pc|D5|pc|DK|pc|D4|pc|DA|pc|DQ|pc|D7|pc|D6|pc|D2|pc|H7|pc|D8|pc|D9|pc|HA|pc|H3|pc|H4|pc|H6|pc|H9|pc|HK|pc|H5|pc|H2|pc|C2|pc|C3|pc|CJ|pc|CA|pc|S5|pc|S8|pc|H8|pc|S3|pc|HQ|pc|DT|pc|ST|pc|HJ|pc|C6|pc|C8|pc|C9|pc|C4|pc|C5|pc|S9|pc|CQ|pc|CK|pc|S6|pc|SQ|pc|SK|pc|HT|pc|C7|pc|SJ|pc|CT|pc|DJ|",
		"customer_name": "Acol daylong free nicolec",
		"date": "12/27/2023",
		"radio": "Play",
		"file_upload_input": "__file_upload_input_files",
		"checkbox_1": ["Yes"],
		"textarea": "Declarer play strategy",
		"checkbox": ["Improver", "Beginner"],
		"textarea_1": ""
	},
	"form_data_formatted": {
		"select": "Nicole",
		"customer_name_1": "https://www.bridgebase.com/tools/handviewer.html?lin=pn|Nicoletd,~~v3fakebot,~~v3fakebot,~~v3fakebot|st||md|1SQT52HA97DQ4CAT95,SAK98HKJ3DJ873C42,S4HQT854D965CQ763,SJ763H62DAKT2CKJ8|sv|b|rh||ah|Board7|mb|1N|an|2+!C;2+!D;2+!H;2+!S;HCP12-14;balanced|mb|P|mb|2D!|an|5+!H;HCPNoindication;Transferto!H.-Forcing|mb|P|mb|2H!|an|2+!C;2+!D;2+!H;2+!S;HCP12-14;forced-Nonforcing|mb|P|mb|P|an|5+!H;HCP10-;minimum|mb|P|pc|SA|pc|S4|pc|S7|pc|S2|pc|D3|pc|D5|pc|DK|pc|D4|pc|DA|pc|DQ|pc|D7|pc|D6|pc|D2|pc|H7|pc|D8|pc|D9|pc|HA|pc|H3|pc|H4|pc|H6|pc|H9|pc|HK|pc|H5|pc|H2|pc|C2|pc|C3|pc|CJ|pc|CA|pc|S5|pc|S8|pc|H8|pc|S3|pc|HQ|pc|DT|pc|ST|pc|HJ|pc|C6|pc|C8|pc|C9|pc|C4|pc|C5|pc|S9|pc|CQ|pc|CK|pc|S6|pc|SQ|pc|SK|pc|HT|pc|C7|pc|SJ|pc|CT|pc|DJ|",
		"customer_name": "Acol daylong free nicolec",
		"date": "12/27/2023",
		"radio": "Play",
		"radio_1": null,
		"file_upload_input": [],
		"checkbox_1": ["Yes"],
		"textarea": "Declarer play strategy",
		"checkbox": ["Improver", "Beginner"],
		"textarea_1": ""
	},
	"currency": "GBP",
	"payment_status": "pending",
	"submission_hash": "wpf_1703678992658c1410dd94e493",
	"payment_total": "0",
	"payment_mode": null,
	"payment_method": "",
	"status": "read",
	"ip_address": null,
	"browser": "Opera",
	"device": "Android",
	"city": null,
	"country": null,
	"created_at": "2023-12-27 12:09:52",
	"updated_at": "2023-12-27 12:09:52",
	"post_title": "BBO Hand File report(#31460)",
	"transactions": [],
	"order_items": [],
	"discounts": { "applied": [], "total": 0, "percent": 0 },
	"tax_items": [],
	"activities": [
		{
			"id": 20754,
			"form_id": "31460",
			"submission_id": "4831",
			"type": "success",
			"created_by": "Paymattic BOT",
			"created_by_user_id": null,
			"title": null,
			"content": "Successfully data pushed to google-sheet!",
			"created_at": "2023-12-27 12:10:01",
			"updated_at": "2023-12-27 12:10:01"
		},
		{
			"id": 20753,
			"form_id": "31460",
			"submission_id": "4831",
			"type": "failed",
			"created_by": "Paymattic BOT",
			"created_by_user_id": null,
			"title": "Webhook",
			"content": "Webhook feed failed ()",
			"created_at": "2023-12-27 12:09:57",
			"updated_at": "2023-12-27 12:09:57"
		}
	],
	"refunds": [],
	"refundTotal": 0,
	"subscription_payment_total": 0,
	"subscriptions": [],
	"widgets": []
}
